{"footer-sidebar-1":{"nav_menu-2":{"title":"Company","nav_menu":18},"nav_menu-3":{"title":"Brands","nav_menu":19},"nav_menu-4":{"title":"Social","nav_menu":20}},"footer-sidebar-2":{"text-2":{"title":"Copyright","text":"ALL NAMES AND LOGOS USED ON THIS WEBSITE ARE THE TRADEMARKS OF THEIR RESPECTIVE OWNERS, AND THEIR USE OR APPEARANCE ON THIS WEBSITE DOES NOT CONSTITUTE ANY AFFILIATION, ENDORSEMENT OR SUPPORT. COPYRIGHT \u00a9 2016","filter":false}},"footer-sidebar-3":{"goodz_magazine_newsletter-3":{"title":"Newsletter","newsletter_text":"SUBSCRIBE AND GET A 10% OFF YOUR NEXT ORDER","service":"MailChimp","madmimi_user":"","mailchimp_key":"","mailchimp_list":""}}}