{"sidebar-1":{"search-2":{"title":"","conditions":{"action":"show","rules":[{"major":"page","minor":"25","has_children":false}]}},"woocommerce_products-2":{"title":"Products","number":5,"show":"","orderby":"date","order":"desc","hide_free":0,"show_hidden":0,"conditions":{"action":"show","rules":[{"major":"page","minor":"25","has_children":false}]}},"goodz_magazine_newsletter-2":{"title":"NEWSLETTER","newsletter_text":"Subscribe and get a 10% off your next order","service":"MadMimi","madmimi_user":"1","mailchimp_key":"","mailchimp_list":"","conditions":{"action":"hide","rules":[{"major":"page","minor":"182","has_children":false},{"major":"page","minor":"152","has_children":false}]}}}}