{"footer-sidebar-1":{"nav_menu-2":{"title":"Company","nav_menu":18},"nav_menu-3":{"title":"Help","nav_menu":20},"nav_menu-4":{"title":"Social","nav_menu":19}},"footer-sidebar-2":{"text-2":{"title":"Goodz Store","text":"open mon - sat \/ 9 - 21h\r\n555 8th Avenue \/ 12th Floor\r\nNew York, NY 10018\r\n\r\nhello@goodz.com\r\n212.279.3150","filter":true}},"footer-sidebar-3":{"goodz_magazine_newsletter-2":{"title":"Newsletter","newsletter_text":"Subscribe and get a 10% off your next order","service":"MailChimp","madmimi_user":"","mailchimp_key":"","mailchimp_list":""}}}